City_ID,City,Country,Max Temp,Current Description,Lat,Lng,Hotel Name
0,Pueblo Rico,CO,77.0,scattered clouds,5.24,-76.04,Hotel Don Pedro
3,Namibe,AO,78.85,overcast clouds,-15.2,12.15,Hotel Chik Chik Namibe
5,Cap Malheureux,MU,81.0,clear sky,-19.98,57.61,Pereybere Hotel & Spa
6,Saint George,US,89.01,clear sky,37.1,-113.58,Best Western Plus Abbey Inn
8,Olinda,BR,80.6,broken clouds,-8.01,-34.86,Pousada Sitio Do Carmo
9,Itabirito,BR,77.0,scattered clouds,-20.25,-43.8,Hotel Pousada de Minas
10,Ponta Delgada,PT,60.8,scattered clouds,37.73,-25.67,Vila Nova Hotel
13,Constantine,DZ,51.8,scattered clouds,36.37,6.61,Grand Hotel Cirta
15,Mumford,GH,80.6,few clouds,5.26,-0.76,Spanish Villa
16,Naples,IT,50.0,clear sky,40.83,14.25,Renaissance Naples Hotel Mediterraneo
17,Mahebourg,MU,81.0,scattered clouds,-20.41,57.7,Shandrani Beachcomber Resort & Spa
18,Saint-Philippe,RE,78.8,clear sky,-21.36,55.77,"Chambres d'h√¥te ""La Trinit√©"""
19,Castro,BR,59.95,scattered clouds,-24.79,-50.01,CHACARA BAILLY
21,Arraial Do Cabo,BR,77.0,scattered clouds,-22.97,-42.03,Pousada Porto Praia
23,Georgetown,MY,82.99,few clouds,5.41,100.34,Cititel Penang
24,Kambove,CD,60.31,scattered clouds,-10.88,26.6,Couvant des soeurs catholiques
25,Sao Felix Do Xingu,BR,76.15,scattered clouds,-6.64,-51.99,Apart Hotel Rio Xingu
26,Braganca,BR,74.91,overcast clouds,-1.05,-46.77,Marujo's Su√≠te Hotel
27,Port Elizabeth,ZA,66.2,overcast clouds,-33.92,25.57,39 On Nile Guest House
28,Pitimbu,BR,80.6,scattered clouds,-7.47,-34.81,Reserva do Abia√≠
29,Bengkulu,ID,76.77,light rain,-3.8,102.27,Grage Hotel Bengkulu
30,Hermanus,ZA,64.99,overcast clouds,-34.42,19.23,Misty Waves Boutique Hotel
33,Victoria,HK,72.0,overcast clouds,22.29,114.16,Mini Hotel Central
34,Ponta Do Sol,PT,55.99,broken clouds,32.67,-17.1,Hotel do Campo
35,Saldanha,ZA,64.4,few clouds,-33.01,17.94,Blue Bay Lodge
36,Cayenne,GF,80.01,broken clouds,4.93,-52.33,H√¥tel Le Dronmi
38,Mar Del Plata,AR,69.01,scattered clouds,-38.0,-57.56,Gran Hotel Mar del Plata
39,Luanda,AO,78.8,few clouds,-8.84,13.23,Forum GestHotel
41,East London,ZA,66.74,clear sky,-33.02,27.91,Tu Casa
42,La Roda,ES,51.8,clear sky,39.22,-2.15,Restaurante El Sue√±o de Jemik
43,Aden,YE,80.42,scattered clouds,12.78,45.04,Sama Emirate Hotel
44,Kavaratti,IN,81.99,scattered clouds,10.57,72.64,Hotels in Lakshadweep Islands
45,Cape Town,ZA,64.99,clear sky,-33.93,18.42,Southern Sun Cape Sun
46,Highland Springs,US,75.2,clear sky,37.55,-77.33,Homewood Suites by Hilton Richmond - Airport
47,Dingle,PH,74.46,overcast clouds,11.0,122.67,SEGAYA PROPERTY
48,Rayagada,IN,76.12,few clouds,19.17,83.42,"Hotel Swagath, Rayagada"
49,Rawson,AR,82.51,few clouds,-43.3,-65.1,Hosteria Sampedro
50,Luena,AO,66.4,broken clouds,-11.78,19.92,Hotel Kandamba
51,Jamestown,US,53.01,clear sky,42.1,-79.24,Hampton Inn & Suites Jamestown
52,Hambantota,LK,69.8,clear sky,6.12,81.12,Bungalow 63
54,Mansa,IN,74.08,broken clouds,29.98,75.38,STARiHOTEL Mansa
55,Puerto Castilla,HN,77.0,overcast clouds,16.02,-85.97,"Santa Fe, Colon"
56,Mitsamiouli,KM,81.93,scattered clouds,-11.38,43.28,Foyer ADM
57,Madingou,CG,74.59,broken clouds,-4.15,13.55,HOTEL KIM ELISA
58,Ribeira Grande,PT,60.91,broken clouds,38.52,-28.7,Quinta da Meia Eira
59,Macau,MO,71.6,scattered clouds,22.2,113.55,Grand Emperor Hotel
60,Comodoro Rivadavia,AR,80.6,clear sky,-45.87,-67.5,Hotel Victoria
62,Santa Maria Da Vitoria,BR,84.6,broken clouds,-13.39,-44.19,Pousada do Rio Corrente
64,Beira,MZ,75.2,light rain,-19.84,34.84,Beira Terrace Hotel
65,Kango,GA,75.85,light rain,0.19,10.1,H√¥tel Bar Restaurant Le Bercail
67,Souillac,MU,81.0,scattered clouds,-20.52,57.52,Bils' Villa
68,Sao Filipe,CV,73.38,clear sky,14.9,-24.5,Tortuga B&B
69,Atlantic City,US,64.4,clear sky,39.36,-74.42,Resorts Casino Hotel
70,Jamui,IN,72.86,clear sky,24.92,86.22,hotel sneha
71,Pisco,PE,77.0,clear sky,-13.7,-76.22,Hotel San Isidro Oficial
74,Carnarvon,AU,75.2,few clouds,-24.87,113.63,Hospitality Carnarvon
75,Lagoa,PT,60.08,overcast clouds,39.05,-27.98,Casa Das Faias
76,Nebbi,UG,69.01,overcast clouds,2.48,31.09,GAF Apartments & Entertainment Center
79,Mbandaka,CD,73.33,overcast clouds,0.05,18.26,Guest House Epervier
80,Lucea,JM,82.0,scattered clouds,18.45,-78.17,Grand Palladium Jamaica Resort & Spa
81,Kelo,TD,90.61,clear sky,9.31,15.81,Plantation de Kelo
82,Busselton,AU,59.0,clear sky,-33.65,115.33,Observatory Guest House
83,Kindu,CD,71.26,light rain,-2.95,25.95,R√©sidence Okanda
84,Codrington,AU,58.8,broken clouds,-38.27,141.97,Codrington Gardens Bed And Breakfast
85,Dubrajpur,IN,73.49,clear sky,23.8,87.38,Garai Hotel
87,Nouadhibou,MR,66.2,broken clouds,20.93,-17.03,El Medina
89,Salima,MW,68.76,light rain,-13.78,34.46,YAMIKANI LODGE
91,Jijiga,ET,69.57,broken clouds,9.35,42.8,RAMAAS HOTEL
92,Bredasdorp,ZA,64.4,light rain,-34.53,20.04,Bredasdorp Country Manor
93,Yanam,IN,76.35,broken clouds,16.73,82.22,The Regency Hotel
97,Marsa Matruh,EG,66.2,clear sky,31.35,27.25,Beau Site
98,Port Alfred,ZA,68.56,broken clouds,-33.59,26.89,The Halyards Hotel
99,Los Llanos De Aridane,ES,66.2,overcast clouds,28.66,-17.92,Valle Aridane
100,Mahibadhoo,MV,83.16,clear sky,3.78,72.97,Omadhoo Inn
101,Nampula,MZ,71.6,moderate rain,-15.12,39.27,Tacab Residencial
103,San Cristobal,VE,80.6,scattered clouds,7.77,-72.22,Pirineos
106,Viedma,AR,81.72,clear sky,-40.81,-63.0,Hotel Cristal
107,Necochea,AR,72.0,few clouds,-38.55,-58.74,dyd -mar Hotel
108,Cidreira,BR,72.79,clear sky,-30.18,-50.21,Hotel Castelo
109,Fougamou,GA,75.54,overcast clouds,-1.22,10.58,R√©sidence d'H√¥tes Bapedy
110,Hithadhoo,MV,83.12,broken clouds,-0.6,73.08,Scoop Guest House
112,Arlit,NE,79.57,clear sky,18.74,7.39,H√¥tel Telwa Bungalow
113,Praia,CV,77.0,clear sky,14.92,-23.51,LT Aparthotel
114,Ashqelon,IL,57.99,clear sky,31.67,34.57,Leonardo Ashkelon
117,San Vicente,AR,71.47,overcast clouds,-26.62,-54.13,Complejo Tur√≠stico Farelluk
118,Japura,ID,74.55,overcast clouds,-0.32,102.35,Rumah mbah Jamah
120,Chipata,ZM,62.6,scattered clouds,-13.63,32.65,Protea Hotel by Marriott Chipata
124,Monrovia,LR,80.6,scattered clouds,6.3,-10.8,Eco-Hotel Hall & Restaurant
126,Cauquenes,CL,67.24,clear sky,-35.97,-72.32,Vi√±a Don Heraldo
127,Itarema,BR,79.03,overcast clouds,-2.92,-39.92,"Sea Lounge! Bar, Club & Restaurant"
129,Chuy,UY,68.68,few clouds,-33.7,-53.46,Nuevo Hotel Plaza
134,Mana,GF,78.06,moderate rain,5.66,-53.78,LE SAMANA
135,Jacareacanga,BR,80.49,light rain,-6.22,-57.75,Casa do Ianüòé
137,Karoi,ZW,61.2,clear sky,-16.81,29.69,The Champion Lodge
138,Grand Gaube,MU,81.0,light rain,-20.01,57.66,Veranda Paul et Virginie Hotel & Spa
139,Bathsheba,BB,80.6,few clouds,13.22,-59.52,Atlantis Hotel
140,Savannah Bight,HN,79.0,overcast clouds,16.45,-85.85,Villa on Dunbar Rock
143,Rincon,US,72.0,clear sky,32.3,-81.24,Days Inn Rincon
144,Odienne,CI,88.68,overcast clouds,9.51,-7.57,Oustaz Vame DIAKITE
146,Vila Franca Do Campo,PT,60.8,scattered clouds,37.72,-25.43,Pestana Bahia Praia
148,Okitipupa,NG,78.8,clear sky,6.5,4.78,Coastal Hotel & Suites
149,Kalinagar,IN,69.24,clear sky,28.62,80.1,QARBALA of daga
150,Tamandare,BR,79.05,few clouds,-8.76,-35.1,Pousada 100 Passos
152,Cockburn Town,TC,75.2,broken clouds,21.46,-71.14,Osprey Beach Hotel
156,Santa Maria,BR,80.6,few clouds,-29.68,-53.81,Hotel Morotin
158,Illapel,CL,69.87,overcast clouds,-31.63,-71.17,Hotel Londres
160,Faya,SA,64.4,clear sky,18.39,42.45,ŸÖŸÇÿ®ÿ±ÿ© ÿßŸÑ ŸÖÿ¨ŸÖŸÑ
161,Asfi,MA,59.61,clear sky,32.3,-9.24,H√¥tel Abda
162,Sur,OM,83.62,clear sky,22.57,59.53,Sur Plaza Hotel
163,Beloit,US,77.0,scattered clouds,42.51,-89.03,Best Western Legacy Inn & Suites Beloit-South Beloit
164,Misratah,LY,65.79,overcast clouds,32.38,15.09,ŸÅŸÜÿØŸÇ ÿßŸÑŸÖÿßÿ≥ÿ©
165,Medvedovskaya,RU,51.8,scattered clouds,45.45,39.03,Gostinnitsa
166,Betioky,MG,68.05,broken clouds,-23.72,44.38,Bungalows Acacias Hotel
168,Kruisfontein,ZA,66.99,overcast clouds,-34.0,24.73,Oyster Bay House Rental
171,Salalah,OM,80.6,clear sky,17.02,54.09,HAMDAN PLAZA HOTEL SALALAH
173,Eyl,SO,79.72,few clouds,7.98,49.82,DAAWAD HOTEL EYL
175,Lebu,CL,58.24,scattered clouds,-37.62,-73.65,Hostal Las Lilas
176,Nargana,PA,79.97,overcast clouds,9.44,-78.59,Dubbir
177,Kutum,SD,70.3,few clouds,14.2,24.67,Dibbo areaŸÖŸÜÿ∑ŸÇÿ© ÿØÿ®Ÿà
179,Quatre Cocos,MU,81.0,light rain,-20.21,57.76,Emeraude Beach Attitude Hotel
180,Picota,PE,80.6,broken clouds,-6.92,-76.33,Hospedaje Vanessa
183,Buchanan,LR,80.6,scattered clouds,5.88,-10.05,Kamaneahn Hotel Inc
184,Yarmouth,US,52.0,clear sky,41.71,-70.23,The Inn At Cape Cod
185,Etah,IN,77.25,scattered clouds,27.63,78.67,‡§ï‡•ç‡§∑‡§æ‡§Ø‡§æ ‡§∞‡•á‡§∏‡•ç‡§ü‡•ã‡§∞‡•á‡§Ç‡§ü ‡§è‡§Ç‡§° ‡§´‡•à‡§Æ‡§ø‡§≤‡•Ä ‡§¢‡§æ‡§¨‡§æ
186,Marawi,PH,67.17,overcast clouds,8.0,124.29,Derogongan Residence
187,Santiago Del Estero,AR,82.38,broken clouds,-27.8,-64.26,Apartamentos Castelli 90
190,Puerto Maldonado,PE,76.06,moderate rain,-12.6,-69.18,Wasai Hotel
193,Omboue,GA,78.49,light rain,-1.57,9.26,Hotel Olako
194,Kalmunai,LK,78.48,overcast clouds,7.42,81.82,VS Villa
195,Florianopolis,BR,78.01,scattered clouds,-27.61,-48.5,Hotel Boutique Quinta das Videiras
196,Hagere Selam,ET,51.94,broken clouds,6.48,38.52,Tigist Fire Pension
198,Atar,MR,85.05,broken clouds,20.52,-13.05,Oumou Elghoura
199,Shelburne,CA,55.4,clear sky,44.08,-80.2,The Retreat at the Farm
200,Bambous Virieux,MU,81.0,scattered clouds,-20.34,57.76,Casa Tia Villa
201,Bud,US,73.4,clear sky,39.45,-86.18,Ted McQuinn Trust
202,Bandarbeyla,SO,77.92,scattered clouds,9.49,50.81,JABIR HOTEL
204,Gamboma,CG,76.95,light rain,-1.88,15.86,Residence N'Keni
206,La Palma,US,79.0,clear sky,33.85,-118.05,"Levar & Ryan Properties, LLC."
207,Matara,LK,75.2,overcast clouds,5.95,80.54,Amaloh Boutique Resort
208,Tabou,CI,79.0,light rain,4.42,-7.35,hot√™l doufoulougou
211,Mecca,SA,76.75,overcast clouds,21.43,39.83,"Makkah Clock Royal Tower, A Fairmont Hotel"
212,Plettenberg Bay,ZA,66.72,overcast clouds,-34.05,23.37,Thanda Vista B&B
213,Sinnamary,GF,77.67,overcast clouds,5.38,-52.95,ALETHEIA Appartement Sinnamary
214,Kaabong,UG,66.74,light rain,3.48,34.15,Rock Motel Ltd
216,Kikwit,CD,69.31,overcast clouds,-5.04,18.82,Centre D'Accueil Protestant
218,Cuamba,MZ,66.2,few clouds,-14.8,36.54,Hotel Vision
219,Sao Gabriel Da Cachoeira,BR,75.13,moderate rain,-0.13,-67.09,Alarne - √Årea De Lazer Do Alto Rio Negro
220,Tahta,EG,68.0,clear sky,26.77,31.5,ŸÖÿßÿ≥ÿ™ÿ± ÿ™ŸÉ
221,San Vicente De Canete,PE,73.38,scattered clouds,-13.08,-76.38,Hotel Konford
222,Rocha,UY,65.98,scattered clouds,-34.48,-54.33,Beleza Pura B&B
225,Talcahuano,CL,57.2,broken clouds,-36.72,-73.12,Hotel Terramar
228,Marsh Harbour,BS,67.6,overcast clouds,26.54,-77.06,Abaco Beach Resort
229,Inirida,CO,77.25,moderate rain,3.87,-67.92,Fuente del Guania Hotel de Lujo
232,Sabha,LY,74.7,scattered clouds,27.04,14.43,ŸÖÿ≠ÿ∑ÿ© ÿßŸÖ ÿßŸÑÿßÿ±ÿßŸÜÿ® -ÿ≥ÿ®Ÿáÿß ŸÖŸàÿßÿµŸÑÿßÿ™
233,Zemio,CF,80.76,overcast clouds,5.03,25.14,OCHA Office
238,Inongo,CD,73.71,light rain,-1.95,18.27,Hotel Du Lac
242,Utica,US,55.4,clear sky,43.1,-75.23,Days Inn by Wyndham Utica
243,San Andres,CO,86.0,few clouds,12.58,-81.7,Hotel Arena Blanca
244,Vila Do Maio,CV,77.0,clear sky,15.13,-23.22,Residence 'I Delfini'
246,Nador,MA,59.0,scattered clouds,35.17,-2.93,H√¥tel La Giralda
249,Mancio Lima,BR,78.8,light rain,-7.61,-72.9,Hotel e Distribuidora Voyage
250,Maracas,BR,71.42,scattered clouds,-13.44,-40.43,Pousada Vale Apraz√≠vel
251,Porto Belo,BR,78.01,scattered clouds,-27.16,-48.55,Costa Verde Beach Hotel
253,Saint Anthony,US,77.0,clear sky,45.02,-93.22,Holiday Inn Express Roseville-St. Paul
256,Carutapera,BR,76.32,overcast clouds,-1.2,-46.02,Lidera
257,Zvishavane,ZW,60.58,clear sky,-20.33,30.07,Hotel Boutique Runde
258,Malakal,SS,88.72,broken clouds,9.53,31.66,Nile Palace Hotel
259,Monforte De Lemos,ES,53.01,clear sky,42.52,-7.51,Hotel Cardenal
260,Acarau,BR,79.74,overcast clouds,-2.89,-40.12,castelo pizzaria
261,Ballina,AU,68.0,broken clouds,-28.87,153.57,Ramada Hotel & Suites by Wyndham Ballina Byron
263,Peniche,PT,55.99,clear sky,39.36,-9.38,Hotel Star inn Peniche
264,Praia Da Vitoria,PT,59.0,broken clouds,38.73,-27.07,Hotel Branco I
267,Joao Pinheiro,BR,75.83,overcast clouds,-17.74,-46.17,Hotel Santos
271,Mercedes,AR,73.99,overcast clouds,-34.65,-59.43,Posada del Inti Centro
272,Camacha,PT,60.8,few clouds,33.08,-16.33,Hotel Porto Santo & Spa
273,Grabouw,ZA,64.99,clear sky,-34.15,19.02,Belfield Wines and Farm Cottages
274,Sao Joao Da Barra,BR,78.8,broken clouds,-21.64,-41.05,Pousada Porto De Canoas
276,Havelock,US,66.99,clear sky,34.88,-76.9,Sherwood Motel
279,Saint-Georges,GD,82.4,few clouds,12.06,-61.75,Siesta Hotel
280,Bhaderwah,IN,50.92,overcast clouds,32.98,75.72,Hotel Shiv Residency and Restaurant Bhaderwah (J&K)
281,Alta Floresta,BR,76.19,overcast clouds,-9.88,-56.09,Floresta Amazonica Hotel
282,Gat,IL,57.99,clear sky,31.61,34.76,OlusHome
283,Ancud,CL,62.01,clear sky,-41.87,-73.82,Hotel Arena Gruesa
285,Jalu,LY,71.06,clear sky,29.03,21.55,ÿµÿßÿ≠ÿ®ÿ© ÿßŸÑŸÅÿÆÿßŸÖÿ©
286,Hamilton,US,73.4,clear sky,39.18,-84.53,Six Acres Bed & Breakfast
287,Batticaloa,LK,78.96,broken clouds,7.71,81.69,Grand Star Guest House
290,Grand-Santi,GF,74.14,overcast clouds,4.25,-54.38,Hotel La Villa Couacou
291,Shagamu,NG,86.0,few clouds,6.84,3.65,Remo Majestic Hotel
292,Barcelos,PT,61.0,clear sky,41.54,-8.62,Hotel Do Ter√ßo
293,Castelldefels,ES,57.0,clear sky,41.28,1.97,Gran Hotel Rey Don Jaime
294,Gualaquiza,EC,65.68,light rain,-3.4,-78.55,Hotel Merceditas
295,Caraballeda,VE,82.4,scattered clouds,10.61,-66.85,Hotel 15 Letras
296,Gazanjyk,TM,56.7,clear sky,39.24,55.52,Railway motel
298,San Francisco,US,61.0,broken clouds,37.77,-122.42,Travelodge by Wyndham San Francisco Central
300,Cabinda,AO,79.9,overcast clouds,-5.55,12.2,"Hotel Executivo , 3 estrelas"
301,Hobyo,SO,82.24,broken clouds,5.35,48.53,Halane Hotel and Restaurent
302,Mango,US,77.0,broken clouds,27.98,-82.31,Embassy Suites by Hilton Tampa Brandon
303,Saint-Pierre,RE,77.0,clear sky,-21.34,55.48,Lindsey H√¥tel
305,Takoradi,GH,79.39,light rain,4.88,-1.76,Raybow International Hotel
306,San Juan,AR,83.64,broken clouds,-31.54,-68.54,Hotel Provincial
307,Durazno,UY,80.6,few clouds,-33.41,-56.5,Hotel Santa Cristina
308,Naliya,IN,78.06,clear sky,23.27,68.83,Hotel Panchvati
311,Tembisa,ZA,60.01,clear sky,-26.0,28.23,2 Bongani Trevor Khumalo Crescent
312,Sal Rei,CV,69.8,few clouds,16.18,-22.92,Marine Club Beach Resort
313,Aragarcas,BR,78.55,broken clouds,-15.9,-52.25,Hotel Pousada Tropical
314,Malanje,AO,64.0,few clouds,-9.54,16.34,Malanje Hotel
315,Bilma,NE,76.24,clear sky,18.69,12.92,Expeditions T√©n√©re voyages
318,Buraydah,SA,64.4,clear sky,26.33,43.98,ŸÅŸÜÿØŸÇ ÿ±ÿßÿ≠ÿ© ÿßŸÑÿ≥ŸÑÿßŸÖ
319,Toamasina,MG,75.2,few clouds,-18.17,49.38,Hotel H1
320,Akropong,GH,84.2,few clouds,5.97,-0.09,Vip Lodge
321,Bubaque,GW,75.7,scattered clouds,11.28,-15.83,"Casa Dora, Bubaque"
323,Aswan,EG,68.92,clear sky,24.09,32.91,Nuba Nile
324,Reconquista,AR,76.14,clear sky,-29.15,-59.65,Grand Hotel
325,Benjamin Constant,BR,78.8,scattered clouds,-4.38,-70.03,CASA AVALIADA
326,Taltal,CL,67.08,few clouds,-25.4,-70.48,Residencial Karime
328,Labrea,BR,76.06,overcast clouds,-7.26,-64.8,Hotel Novo Horizonte
332,Nguru,NG,80.91,clear sky,12.88,10.45,Government Lodge
333,Kpandu,GH,80.33,scattered clouds,7.0,0.29,Emo House
334,Najran,SA,69.8,dust,17.49,44.13,ŸÖÿ≠ŸÖÿØ ŸáÿßÿØŸä ÿßŸÑ ŸÅÿ∑Ÿäÿ≠
335,Ankazoabo,MG,65.21,clear sky,-22.28,44.52,ENCEIN BUREAU CISCO
338,Boke,GN,74.79,broken clouds,10.94,-14.3,H√¥tel Rio Nunez - Bok√©
339,Rio Brilhante,BR,82.92,overcast clouds,-21.8,-54.55,Hotel Cattani
340,Sokoto,NG,84.56,clear sky,13.06,5.24,Shukura Coral Hotel
343,Loralai,PK,66.94,overcast clouds,30.37,68.6,Saddam Hotel & Resturant
344,Acajutla,SV,89.6,clear sky,13.59,-89.83,Urbanizaci√≥n Brisas de Acajutla II
350,Oyem,GA,69.26,light rain,1.6,11.58,Commissariat de police
351,Pontevedra,ES,61.0,clear sky,42.43,-8.64,Parador de Pontevedra
352,Tarragona,ES,54.0,clear sky,41.13,1.25,Hotel SB Ciutat de Tarragona
355,Mamallapuram,IN,82.4,mist,12.63,80.17,Radisson Blu Resort Temple Bay Mamallapuram
358,Mizdah,LY,70.97,overcast clouds,31.45,12.98,ŸÅŸÜÿØŸÇ ÿ®ŸÜŸäŸá ÿ™ÿ≠ÿ™ŸäŸá
361,Panzos,GT,82.4,broken clouds,15.4,-89.67,Hotel Noemi
363,Presidencia Roque Saenz Pena,AR,82.99,overcast clouds,-26.79,-60.44,Hotel Aconcagua
364,Anamur,TR,51.8,clear sky,36.08,32.84,Luna Piena Beach Hotel
366,Ugoofaaru,MV,83.82,broken clouds,5.67,73.0,Ungoofaaru Inn
367,Senador Jose Porfirio,BR,77.67,overcast clouds,-2.59,-51.95,MORADA DO SOL pousada
368,Nouakchott,MR,75.2,broken clouds,18.09,-15.98,HOTEL IMAN ŸÅŸÜÿØŸÇ ÿ•ŸäŸÖÿßŸÜ
372,Willowmore,ZA,61.0,few clouds,-33.29,23.49,Jumper's Place
373,Nisia Floresta,BR,82.4,few clouds,-6.09,-35.21,Rancho Crepusculo
374,Lasa,IT,51.8,clear sky,46.62,10.7,Pension Feldg√§rtenhof
376,Valparaiso,CL,62.6,broken clouds,-33.04,-71.63,Hotel Ultramar
378,Beziers,FR,55.99,clear sky,43.35,3.22,Zenitude H√¥tel-R√©sidences B√©ziers Centre
379,Aquiraz,BR,82.99,few clouds,-3.9,-38.39,Hotel Laguna Blu
380,Vilhena,BR,78.8,moderate rain,-12.74,-60.15,Hotel Mirage
381,Guayaramerin,BO,75.09,light rain,-10.84,-65.36,Hostal Funf
382,The Valley,AI,84.2,scattered clouds,18.22,-63.06,CeBlue Villas & Beach Resort
383,Port-Gentil,GA,82.4,light rain,-0.72,8.78,Fengshui Residence
384,Touros,BR,78.8,few clouds,-5.2,-35.46,INN NEW HORIZON
387,Corbelia,BR,80.6,clear sky,-24.8,-53.31,Hotel Peroza
388,Vieux-Habitants,GP,78.8,few clouds,16.06,-61.77,G√Ætes Dardanelle
391,Liverpool,GB,51.8,overcast clouds,53.41,-2.98,Premier Inn Liverpool City Centre (Moorfields) hotel
397,Kumba,CM,75.76,broken clouds,4.64,9.45,El Bethel Hotel
399,Bubanza,BI,67.98,overcast clouds,-3.12,29.4,Procure Saint Jean
402,Alnavar,IN,70.07,clear sky,15.43,74.73,Ashwin Hotel & Lodge
403,Eregli,TR,55.42,broken clouds,37.51,34.05,Hotel Fuat Bey
404,Camaguey,CU,77.0,scattered clouds,21.38,-77.92,Tararaco
405,Salinopolis,BR,78.84,moderate rain,-0.61,-47.36,Salinas Park Resort Ma√ßarico AP101
406,Epe,NG,80.82,clear sky,6.58,3.98,MAGVILLE HOTEL
407,Teofilo Otoni,BR,70.23,broken clouds,-17.86,-41.51,Hotel Nobre Palace
408,Kedougou,SN,95.0,clear sky,12.56,-12.17,Relais de K√©dougou
410,Coquimbo,CL,64.4,few clouds,-29.95,-71.34,Hotel San Juan
414,Dehloran,IR,65.5,clear sky,32.69,47.27,⁄©ÿßŸÅŸá ⁄Ø€åŸÖ ÿßÿ≥ÿ™Ÿàÿ±ŸÖ
415,Manta,EC,82.4,broken clouds,-0.95,-80.73,Balandra Hotel
417,Ambilobe,MG,73.58,broken clouds,-13.2,49.05,H√¥tel & Restaurant DIANA Ambilobe
419,Iguape,BR,72.21,clear sky,-24.71,-47.56,Hotel Pousada Nossa Senhora do Carmo
422,Mandera,KE,81.84,light rain,3.94,41.87,Kornesh Hotel and Lodging
426,Chirala,IN,81.14,broken clouds,15.82,80.35,Bala Residency
431,Grand-Lahou,CI,79.09,broken clouds,5.14,-5.02,Hotel Beatitude de Grand Lahou
433,Beja,TN,60.8,scattered clouds,36.73,9.18,HAROUN
435,Puerto Ayacucho,VE,75.29,overcast clouds,5.66,-67.62,Posada Turistica Manapiare
437,Caravelas,BR,77.25,broken clouds,-17.71,-39.25,Pousada dos Navegantes
438,Inhambane,MZ,68.68,clear sky,-23.86,35.38,Oceano
441,Harper,LR,78.94,light rain,4.38,-7.72,Screensaver
442,Galle,LK,78.78,overcast clouds,6.04,80.22,Amangalla
444,Cape Canaveral,US,70.0,clear sky,28.41,-80.6,Residence Inn by Marriott Cape Canaveral Cocoa Beach
445,Yarada,IN,80.19,scattered clouds,17.65,83.27,Jeevan
446,Acari,PE,77.92,overcast clouds,-15.43,-74.62,Hospedaje Ximens
447,Takestan,IR,50.11,clear sky,36.07,49.7,baghdadi hotelŸáÿ™ŸÑ Ÿà ÿ±ÿ≥ÿ™Ÿàÿ±ÿßŸÜ ÿ®ÿ∫ÿØÿßÿØ€å
449,Kalangala,UG,70.11,light rain,-0.31,32.23,Ssese Habitat Resort
453,Springbok,ZA,63.32,clear sky,-29.66,17.89,Undulata Country Lodge
454,Bluefields,NI,84.2,scattered clouds,12.01,-83.76,Nicaraguan Typical House Downtown
455,Upata,VE,75.67,overcast clouds,8.01,-62.4,Posada Villa Nela
461,Robertsport,LR,80.04,scattered clouds,6.75,-11.37,Kwepunha Retreat
462,Mutare,ZW,59.79,scattered clouds,-18.97,32.67,Ann Bruce Backpackers
463,Vila Velha,BR,77.0,scattered clouds,-20.33,-40.29,Quality Suites Vila Velha
466,Sandur,IN,76.84,few clouds,15.1,76.55,"WelcomHeritage Shivavilas Palace Hotel, Hampi"
467,Nizwa,OM,80.37,clear sky,22.93,57.53,Orient Apartments
468,Loubomo,CG,72.43,overcast clouds,-4.2,12.67,La Dolisienne
470,Gweta,BW,76.19,clear sky,-20.18,25.23,Gweta Lodge
471,Mazamari,PE,78.21,broken clouds,-11.33,-74.53,Hospedaje Ratto
473,Imbituba,BR,73.4,scattered clouds,-28.24,-48.67,Praia Hotel Imbituba
474,Sultanpur,IN,75.65,scattered clouds,26.27,82.07,OYO 49568 Vrindavan Guest House
477,Ampanihy,MG,67.19,few clouds,-24.7,44.75,Angora Hotel
480,Angoche,MZ,76.19,light rain,-16.23,39.91,Guest House HESADA
481,Neuquen,AR,87.8,few clouds,-38.95,-68.06,Hotel del Comahue
483,Santa Helena,BR,75.58,light rain,-2.23,-45.3,Turi Plaza Hotel
484,Caldas Novas,BR,73.81,broken clouds,-17.74,-48.62,Best Western Suites Le Jardin Caldas Novas
485,Buenaventura,CO,79.45,overcast clouds,3.88,-77.03,La Casa Blanca Hotel
486,Phalaborwa,ZA,68.0,clear sky,-23.94,31.14,Bothabelo Bed and Breakfast
488,Dunmore Town,BS,68.77,overcast clouds,25.5,-76.65,Coral Sands Hotel
489,Lodwar,KE,84.87,light rain,3.12,35.6,Turkwel Lodge
494,San Pedro,PH,81.0,few clouds,14.35,121.02,OYO 412 Viewfort Venue
496,Mindelo,CV,71.6,few clouds,16.89,-24.98,Hotel Gaudi
497,Phalodi,IN,81.48,scattered clouds,27.13,72.37,"HOTEL NEW GOLDEN PALACE , PHALODI"
500,Miraflores,MX,78.8,few clouds,19.22,-98.81,Hotel Mansi√≥n
502,Cavalcante,BR,74.23,broken clouds,-13.8,-47.46,Pousada Vila dos Ip√™s
503,Balkanabat,TM,56.86,clear sky,39.51,54.37,Nebitchi Hotel
504,Sakakah,SA,60.8,clear sky,29.97,40.21,Fakhamat Al Orjoana Apartment
505,Recife,BR,80.6,broken clouds,-8.05,-34.88,Recife Plaza Hotel
506,Magole,TZ,73.4,light rain,-6.37,37.37,Juma lubelwa
507,Bom Jesus,BR,87.28,overcast clouds,-9.07,-44.36,Hotel Bras√£o & Floricultura Bella Flor
511,Richards Bay,ZA,64.58,clear sky,-28.78,32.04,BON Hotel Waterfront Richards Bay
512,Nova Londrina,BR,74.48,overcast clouds,-22.77,-52.98,Hotel e Churrascaria Ga√∫cha
514,Antalaha,MG,75.13,broken clouds,-14.9,50.28,Hotel Vitasoa
515,Nicoya,CR,91.4,clear sky,10.15,-85.45,Guayacan Real
516,Saint-Leu,RE,78.8,clear sky,-21.15,55.28,La Caz Oceane
517,Sabzevar,IR,50.7,clear sky,36.21,57.68,ŸÖŸÜÿ≤ŸÑ ÿπÿ®ÿØÿßŸÑŸàŸáÿßÿ® ÿ®ÿ±ŸáÿßŸÜ€å ÿ≥ÿ®ÿ≤Ÿàÿßÿ±
520,Porto Empedocle,IT,55.0,broken clouds,37.29,13.53,Hotel dei Pini
521,Nchelenge,ZM,68.99,light rain,-9.35,28.73,Mweru Water Transport
524,Asyut,EG,64.4,clear sky,27.18,31.18,Florence Hotel Assiut
525,Lethem,GY,87.8,moderate rain,3.38,-59.8,Savannah Inn
526,Conway,US,77.0,clear sky,35.09,-92.44,"Country Inn & Suites by Radisson, Conway, AR"
528,Zeerust,ZA,60.8,clear sky,-25.54,26.08,Kareespruit Game Ranch and Guest House
532,Cabedelo,BR,80.6,scattered clouds,-6.98,-34.83,Hotel Pigalle
534,Greeneville,US,68.0,clear sky,36.16,-82.83,General Morgan Inn and Conference Center
536,Bafq,IR,57.88,clear sky,31.61,55.41,Alamdar Hotel
537,Saint-Joseph,RE,77.0,clear sky,-21.37,55.62,"""Plantation Bed and Breakfast"
539,Torit,SS,76.82,overcast clouds,4.41,32.57,Diplomat Guest House
540,Kulhudhuffushi,MV,82.69,scattered clouds,6.62,73.07,Haajy Guest House 1
543,Puri,IN,78.6,clear sky,19.8,85.85,OYO 1577 Hotel Shree Hari Grand
544,Mapiripan,CO,76.24,moderate rain,2.89,-72.13,Monserrate
546,Panaba,MX,81.68,scattered clouds,21.28,-88.27,Hotel Amor
547,Macamic,CA,51.8,few clouds,48.75,-79.0,"Maison Tardif Enr. - Auberge √† Macamic, QC"
548,Chapada Dos Guimaraes,BR,73.4,broken clouds,-15.46,-55.75,Pousada Morro Dos Ventos
550,Waw,SS,83.55,broken clouds,7.7,28.0,Universal Gab Hotel
552,Lora Del Rio,ES,61.0,clear sky,37.66,-5.53,Autocares Molina Fernandez S.L.
553,Yafran,LY,71.02,overcast clouds,32.06,12.53,ÿ®ŸäŸàÿ™ ÿßŸÑÿ¥ÿ®ÿßÿ® ÿ®ŸäŸÅÿ±ŸÜ
554,Manjacaze,MZ,65.41,clear sky,-24.71,33.88,Hotel Gani
555,Dera Bugti,PK,79.74,broken clouds,29.03,69.15,SARDAR GHULAM MUSTAFA KHAN BUGTI
556,Oswego,US,52.0,clear sky,43.45,-76.15,S & E Mobile Home Park
557,Cascais,PT,57.99,clear sky,38.7,-9.42,Hotel Vila Gal√© Cascais
558,Kilindoni,TZ,80.91,moderate rain,-7.91,39.67,Bustani B&B
559,Icod De Los Vinos,ES,62.01,clear sky,28.37,-16.71,Hotel Rural El Patio
562,Mamanguape,BR,80.6,scattered clouds,-6.84,-35.13,Hotel Pousada Tropical
564,Morondava,MG,76.73,scattered clouds,-20.28,44.28,La Case Bambou
565,Crixas,BR,76.71,broken clouds,-14.55,-49.97,RISO HOTEL
567,Muli,MV,83.55,scattered clouds,2.92,73.57,Medhufushi Island Resort
568,Casimiro De Abreu,BR,78.8,scattered clouds,-22.48,-42.2,MIRANTE DO POETA Hotel Fazenda
569,Kalabo,ZM,66.79,clear sky,-14.97,22.68,Sikakubete Guest House Kalabo Town Council
570,Port Blair,IN,79.09,few clouds,11.67,92.75,Welcomhotel Bay Island Port Blair
571,Fort Beaufort,ZA,57.29,clear sky,-32.77,26.63,iNK Conference Centre
572,Jardim,BR,86.72,overcast clouds,-21.48,-56.14,Estancia Hotel - Jardim MS
573,Salur,IN,78.03,few clouds,18.53,83.22,Thammana Bhagavan
574,Dzaoudzi,YT,82.4,few clouds,-12.79,45.27,Le Rocher
576,Guane,CU,80.19,few clouds,22.2,-84.09,base de Campismo LosPortales de Guane
578,Chor,PK,81.54,clear sky,25.52,69.77,Asad U Bajeer Hotel
579,Stephenville,US,69.8,overcast clouds,32.22,-98.2,La Quinta Inn & Suites by Wyndham Stephenville
580,Kisoro,UG,66.2,light rain,-1.29,29.68,Mt.Muhabura Climbers Rest Camp
581,Golakganj,IN,71.94,clear sky,26.1,89.83,Sonasi Baba Dham
582,Laguna,US,69.01,clear sky,38.42,-121.42,Holiday Inn Express & Suites Elk Grove Central - Hwy 99
584,Jataizinho,BR,78.8,few clouds,-23.25,-50.98,Hotel √Ågua Branca
585,Riyadh,SA,68.0,clear sky,24.69,46.72,InterContinental Riyadh
588,Sioux Lookout,CA,55.4,broken clouds,50.1,-91.92,Knobby's Fly-In Camps
590,Kisangani,CD,72.73,overcast clouds,0.52,25.2,Grand Ramela Hotel
591,Santa Isabel Do Rio Negro,BR,79.32,overcast clouds,-0.41,-65.02,Hotel GSA
596,Huanta,PE,64.2,broken clouds,-12.93,-74.25,GRAN HOTEL IMPERIAL
597,Maicao,CO,85.37,overcast clouds,11.38,-72.24,Hotel Fronterita
601,San Rafael,AR,77.43,light rain,-34.62,-68.33,Hotel San Rafael
603,Kifri,IQ,59.85,clear sky,34.7,44.97,ŸÖ€åÿ≤ÿßŸÜ ⁄©ŸÅÿ±€å
604,Nainpur,IN,75.61,clear sky,22.43,80.12,Railway Rest House
605,Altoona,US,64.4,clear sky,40.52,-78.39,Wingate by Wyndham Altoona Downtown/Medical Center
606,Hafizabad,PK,66.85,scattered clouds,32.07,73.69,Khawaja Sentry store
608,San Pedro De Macoris,DO,77.0,broken clouds,18.46,-69.3,Apartahotel Guaraguao
609,Duiwelskloof,ZA,62.46,clear sky,-23.69,30.14,Silvermist Guesthouse
610,Dharchula,IN,57.24,few clouds,29.85,80.53,Mahara Hotel
611,Talavera,PH,77.0,broken clouds,15.62,120.93,R&G's Resort
612,Semnan,IR,53.87,clear sky,35.57,53.4,Semnan Tourist Hotel
613,Montepuez,MZ,68.09,broken clouds,-13.13,39.0,RESID√äNCIAL LANCHONETE
614,West Bay,KY,80.6,broken clouds,19.37,-81.42,Calypso Cove
615,Maniwaki,CA,53.6,broken clouds,46.38,-75.97,Centre Chateau Logue
616,Jasper,US,75.2,clear sky,37.2,-94.35,Guest House Motel
620,Damghan,IR,51.24,broken clouds,36.17,54.35,ÿÆŸàÿßÿ®⁄ØÿßŸá ÿßÿ≥ÿßÿ™ŸäÿØ ÿØÿßŸÜÿ¥⁄ØÿßŸá ÿØÿßŸÖÿ∫ÿßŸÜ
622,Bani Walid,LY,68.16,overcast clouds,31.76,13.99,ŸÖŸÜÿ≤ŸÑ ÿßŸÑÿµÿßÿ®ÿ± ÿ£ÿ®ŸàŸÅÿßŸÜÿ©
624,Sturgeon Bay,US,55.4,clear sky,44.83,-87.38,AmericInn by Wyndham Sturgeon Bay
627,Sindhnur,IN,80.62,broken clouds,15.78,76.77,Sunrise appartment Sindhanur
628,Pedasi,PA,83.59,overcast clouds,7.53,-80.03,Selina Pedasi
630,Bonthe,SL,79.59,scattered clouds,7.53,-12.51,Bonthe Holiday Village
632,Pasni,PK,78.57,clear sky,25.26,63.47,3G hotel pasni
633,Rajapur,IN,79.74,clear sky,25.38,81.15,Sahu Ji Galla Mills
634,Huallanca,PE,53.74,light rain,-9.9,-76.94,D`CASAVIEJA HOTEL
638,Barra Da Estiva,BR,70.9,broken clouds,-13.63,-41.33,Hotel Santa Rita
640,Bagaha,IN,69.04,clear sky,27.1,84.08,Rishu shaurya motors
641,Domoni,KM,80.26,broken clouds,-12.26,44.53,Loulou
643,Huarmey,PE,74.68,scattered clouds,-10.07,-78.15,Hotel Miramar
646,Anloga,GH,84.2,scattered clouds,5.79,0.9,Pin Drop Hotel
647,Gadsden,US,73.4,clear sky,34.01,-86.01,Hampton Inn Gadsden
650,Karauli,IN,79.7,broken clouds,26.5,77.02,Bhanwar Vilas Palace
651,Barao De Melgaco,BR,73.4,light rain,-16.19,-55.97,Tuiuiu Pantanal Hotel
652,Benguela,AO,80.2,overcast clouds,-12.58,13.41,Hotel Praia Morena
653,Owando,CG,73.98,overcast clouds,-0.48,15.9,Exaunel Hotel Owando
655,Paducah,US,73.4,clear sky,37.08,-88.6,Holiday Inn Paducah Riverfront
660,Henderson,US,90.0,clear sky,36.04,-114.98,Hawthorn Suites By Wyndham Las Vegas/Henderson
662,Puerto Leguizamo,CO,72.28,overcast clouds,-0.19,-74.78,la casona de juancho
663,Prainha,BR,77.56,broken clouds,-1.8,-53.48,Casa Rocha
666,Brandfort,ZA,57.2,clear sky,-28.7,26.46,SUMFRA GUESTHOUSE
668,Oussouye,SN,75.2,clear sky,12.48,-16.55,Auberge du Routard
670,Maturin,VE,84.11,overcast clouds,9.75,-63.18,Residencias Guaritos I
672,Aljezur,PT,56.16,clear sky,37.32,-8.8,Amazigh Hostel
673,Kudahuvadhoo,MV,83.23,clear sky,2.67,72.89,Kudahuvadhoo Retreat
678,Antofagasta,CL,68.0,clear sky,-23.65,-70.4,Holiday Inn Express Antofagasta
680,Cordoba,AR,78.01,clear sky,-31.41,-64.18,Hotel Sussex
